"Label (Grouping)","Michigan!!Estimate","Michigan!!Margin of Error","Michigan!!Percent","Michigan!!Percent Margin of Error","Congressional District 1 (118th Congress), Michigan!!Estimate","Congressional District 1 (118th Congress), Michigan!!Margin of Error","Congressional District 1 (118th Congress), Michigan!!Percent","Congressional District 1 (118th Congress), Michigan!!Percent Margin of Error","Congressional District 2 (118th Congress), Michigan!!Estimate","Congressional District 2 (118th Congress), Michigan!!Margin of Error","Congressional District 2 (118th Congress), Michigan!!Percent","Congressional District 2 (118th Congress), Michigan!!Percent Margin of Error","Congressional District 3 (118th Congress), Michigan!!Estimate","Congressional District 3 (118th Congress), Michigan!!Margin of Error","Congressional District 3 (118th Congress), Michigan!!Percent","Congressional District 3 (118th Congress), Michigan!!Percent Margin of Error","Congressional District 4 (118th Congress), Michigan!!Estimate","Congressional District 4 (118th Congress), Michigan!!Margin of Error","Congressional District 4 (118th Congress), Michigan!!Percent","Congressional District 4 (118th Congress), Michigan!!Percent Margin of Error","Congressional District 5 (118th Congress), Michigan!!Estimate","Congressional District 5 (118th Congress), Michigan!!Margin of Error","Congressional District 5 (118th Congress), Michigan!!Percent","Congressional District 5 (118th Congress), Michigan!!Percent Margin of Error","Congressional District 6 (118th Congress), Michigan!!Estimate","Congressional District 6 (118th Congress), Michigan!!Margin of Error","Congressional District 6 (118th Congress), Michigan!!Percent","Congressional District 6 (118th Congress), Michigan!!Percent Margin of Error","Congressional District 7 (118th Congress), Michigan!!Estimate","Congressional District 7 (118th Congress), Michigan!!Margin of Error","Congressional District 7 (118th Congress), Michigan!!Percent","Congressional District 7 (118th Congress), Michigan!!Percent Margin of Error","Congressional District 8 (118th Congress), Michigan!!Estimate","Congressional District 8 (118th Congress), Michigan!!Margin of Error","Congressional District 8 (118th Congress), Michigan!!Percent","Congressional District 8 (118th Congress), Michigan!!Percent Margin of Error","Congressional District 9 (118th Congress), Michigan!!Estimate","Congressional District 9 (118th Congress), Michigan!!Margin of Error","Congressional District 9 (118th Congress), Michigan!!Percent","Congressional District 9 (118th Congress), Michigan!!Percent Margin of Error","Congressional District 10 (118th Congress), Michigan!!Estimate","Congressional District 10 (118th Congress), Michigan!!Margin of Error","Congressional District 10 (118th Congress), Michigan!!Percent","Congressional District 10 (118th Congress), Michigan!!Percent Margin of Error","Congressional District 11 (118th Congress), Michigan!!Estimate","Congressional District 11 (118th Congress), Michigan!!Margin of Error","Congressional District 11 (118th Congress), Michigan!!Percent","Congressional District 11 (118th Congress), Michigan!!Percent Margin of Error","Congressional District 12 (118th Congress), Michigan!!Estimate","Congressional District 12 (118th Congress), Michigan!!Margin of Error","Congressional District 12 (118th Congress), Michigan!!Percent","Congressional District 12 (118th Congress), Michigan!!Percent Margin of Error","Congressional District 13 (118th Congress), Michigan!!Estimate","Congressional District 13 (118th Congress), Michigan!!Margin of Error","Congressional District 13 (118th Congress), Michigan!!Percent","Congressional District 13 (118th Congress), Michigan!!Percent Margin of Error"
"SEX AND AGE","","","","","","","","","","","","","","","","","","","","","","","","","","","","","","","","","","","","","","","","","","","","","","","","","","","","","","","",""
"    Total population","10,037,261","*****","10,037,261","(X)","786,329","±1,187","786,329","(X)","791,423","±7,804","791,423","(X)","771,917","±8,876","771,917","(X)","777,277","±7,742","777,277","(X)","775,722","±6,319","775,722","(X)","764,009","±7,188","764,009","(X)","781,761","±3,985","781,761","(X)","766,628","±1,695","766,628","(X)","769,261","±8,839","769,261","(X)","769,945","±6,844","769,945","(X)","769,154","±6,378","769,154","(X)","740,559","±12,695","740,559","(X)","773,276","±13,210","773,276","(X)"
"        Male","4,965,517","±4,782","49.5%","±0.1","399,095","±1,929","50.8%","±0.2","403,351","±3,829","51.0%","±0.3","383,520","±4,888","49.7%","±0.4","382,361","±4,522","49.2%","±0.4","391,433","±3,683","50.5%","±0.2","377,726","±4,333","49.4%","±0.5","385,468","±2,786","49.3%","±0.3","372,459","±1,737","48.6%","±0.2","386,251","±5,732","50.2%","±0.5","375,489","±4,360","48.8%","±0.4","383,416","±4,939","49.8%","±0.5","354,118","±8,301","47.8%","±0.8","370,830","±8,174","48.0%","±0.7"
"        Female","5,071,744","±4,782","50.5%","±0.1","387,234","±1,790","49.2%","±0.2","388,072","±5,316","49.0%","±0.3","388,397","±5,563","50.3%","±0.4","394,916","±5,352","50.8%","±0.4","384,289","±3,664","49.5%","±0.2","386,283","±5,769","50.6%","±0.5","396,293","±3,292","50.7%","±0.3","394,169","±1,512","51.4%","±0.2","383,010","±5,635","49.8%","±0.5","394,456","±4,604","51.2%","±0.4","385,738","±4,572","50.2%","±0.5","386,441","±8,815","52.2%","±0.8","402,446","±9,273","52.0%","±0.7"
"        Sex ratio (males per 100 females)","97.9","±0.2","(X)","(X)","103.1","±0.9","(X)","(X)","103.9","±1.3","(X)","(X)","98.7","±1.4","(X)","(X)","96.8","±1.5","(X)","(X)","101.9","±1.0","(X)","(X)","97.8","±1.8","(X)","(X)","97.3","±1.1","(X)","(X)","94.5","±0.7","(X)","(X)","100.8","±1.9","(X)","(X)","95.2","±1.4","(X)","(X)","99.4","±1.8","(X)","(X)","91.6","±2.8","(X)","(X)","92.1","±2.7","(X)","(X)"
"        Under 5 years","529,459","±2,559","5.3%","±0.1","33,888","±845","4.3%","±0.1","41,128","±2,394","5.2%","±0.3","44,474","±2,606","5.8%","±0.3","43,823","±2,125","5.6%","±0.3","40,383","±1,412","5.2%","±0.2","35,411","±2,145","4.6%","±0.3","37,984","±1,016","4.9%","±0.1","39,892","±796","5.2%","±0.1","36,157","±2,599","4.7%","±0.3","40,187","±1,752","5.2%","±0.2","40,429","±1,983","5.3%","±0.3","47,339","±3,820","6.4%","±0.5","48,364","±4,030","6.3%","±0.5"
"        5 to 9 years","581,280","±9,619","5.8%","±0.1","36,587","±1,671","4.7%","±0.2","47,517","±3,123","6.0%","±0.4","48,363","±3,980","6.3%","±0.5","44,165","±3,173","5.7%","±0.4","44,843","±3,133","5.8%","±0.4","39,708","±3,280","5.2%","±0.4","44,873","±2,854","5.7%","±0.4","45,906","±2,761","6.0%","±0.4","43,631","±3,236","5.7%","±0.4","42,197","±3,388","5.5%","±0.4","40,704","±3,355","5.3%","±0.4","44,262","±4,892","6.0%","±0.6","58,524","±4,944","7.6%","±0.6"
"        10 to 14 years","611,729","±9,655","6.1%","±0.1","40,584","±1,806","5.2%","±0.2","47,610","±2,494","6.0%","±0.3","48,723","±3,230","6.3%","±0.4","52,361","±3,004","6.7%","±0.4","50,378","±2,876","6.5%","±0.4","47,826","±4,324","6.3%","±0.6","45,347","±2,439","5.8%","±0.3","47,083","±2,877","6.1%","±0.4","48,924","±3,677","6.4%","±0.5","44,300","±3,341","5.8%","±0.4","40,411","±3,221","5.3%","±0.4","43,003","±4,439","5.8%","±0.6","55,179","±4,469","7.1%","±0.5"
"        15 to 19 years","647,022","±4,641","6.4%","±0.1","44,940","±1,816","5.7%","±0.2","53,817","±2,635","6.8%","±0.3","54,463","±2,657","7.1%","±0.3","54,134","±2,412","7.0%","±0.3","49,742","±1,781","6.4%","±0.2","54,353","±2,650","7.1%","±0.3","58,833","±2,705","7.5%","±0.3","47,421","±1,515","6.2%","±0.2","46,926","±3,054","6.1%","±0.4","42,872","±2,195","5.6%","±0.3","41,490","±2,785","5.4%","±0.4","47,822","±4,317","6.5%","±0.5","50,209","±3,850","6.5%","±0.5"
"        20 to 24 years","659,915","±5,185","6.6%","±0.1","43,552","±1,873","5.5%","±0.2","50,428","±2,231","6.4%","±0.3","55,462","±2,492","7.2%","±0.3","65,474","±3,088","8.4%","±0.4","44,026","±1,754","5.7%","±0.2","61,760","±2,712","8.1%","±0.4","67,169","±2,279","8.6%","±0.3","45,116","±1,891","5.9%","±0.2","43,976","±2,256","5.7%","±0.3","46,625","±2,295","6.1%","±0.3","42,102","±2,554","5.5%","±0.3","45,224","±4,227","6.1%","±0.6","49,001","±3,830","6.3%","±0.5"
"        25 to 34 years","1,314,352","±5,146","13.1%","±0.1","83,877","±1,492","10.7%","±0.2","92,143","±2,800","11.6%","±0.3","121,315","±3,125","15.7%","±0.4","100,987","±3,874","13.0%","±0.5","87,938","±2,231","11.3%","±0.3","99,376","±4,306","13.0%","±0.6","97,067","±1,827","12.4%","±0.2","98,166","±1,791","12.8%","±0.2","84,079","±3,563","10.9%","±0.5","112,965","±3,230","14.7%","±0.4","113,171","±3,606","14.7%","±0.5","101,714","±5,508","13.7%","±0.7","121,554","±6,220","15.7%","±0.8"
"        35 to 44 years","1,229,453","±4,070","12.2%","±0.1","90,427","±1,326","11.5%","±0.2","99,084","±3,185","12.5%","±0.3","98,928","±3,684","12.8%","±0.4","93,287","±3,231","12.0%","±0.4","94,459","±2,915","12.2%","±0.4","95,177","±4,292","12.5%","±0.6","95,581","±2,382","12.2%","±0.3","91,850","±1,650","12.0%","±0.2","89,581","±3,481","11.6%","±0.4","94,991","±3,288","12.3%","±0.4","103,998","±3,570","13.5%","±0.4","86,274","±5,498","11.6%","±0.7","95,816","±5,505","12.4%","±0.7"
"        45 to 54 years","1,194,336","±3,998","11.9%","±0.1","86,957","±1,036","11.1%","±0.1","90,381","±2,644","11.4%","±0.3","84,853","±2,741","11.0%","±0.4","89,474","±3,380","11.5%","±0.4","94,136","±2,000","12.1%","±0.3","95,747","±4,048","12.5%","±0.5","90,296","±2,162","11.6%","±0.3","91,577","±1,514","11.9%","±0.2","100,747","±3,909","13.1%","±0.5","98,126","±3,412","12.7%","±0.4","98,422","±2,787","12.8%","±0.4","86,835","±4,502","11.7%","±0.6","86,785","±4,861","11.2%","±0.6"
"        55 to 59 years","640,195","±8,014","6.4%","±0.1","51,779","±2,420","6.6%","±0.3","50,486","±2,164","6.4%","±0.3","42,861","±3,175","5.6%","±0.4","46,396","±2,823","6.0%","±0.4","51,078","±2,383","6.6%","±0.3","50,900","±3,485","6.7%","±0.4","50,909","±2,892","6.5%","±0.4","48,616","±2,460","6.3%","±0.3","61,726","±3,216","8.0%","±0.4","48,278","±3,699","6.3%","±0.5","48,192","±3,490","6.3%","±0.4","45,984","±3,220","6.2%","±0.4","42,990","±3,286","5.6%","±0.4"
"        60 to 64 years","697,295","±8,446","6.9%","±0.1","66,983","±2,392","8.5%","±0.3","60,458","±2,402","7.6%","±0.3","46,300","±3,308","6.0%","±0.4","50,110","±2,637","6.4%","±0.3","56,386","±2,473","7.3%","±0.3","47,487","±3,652","6.2%","±0.5","49,882","±2,378","6.4%","±0.3","53,982","±2,412","7.0%","±0.3","61,035","±3,377","7.9%","±0.4","54,295","±3,530","7.1%","±0.5","53,241","±3,886","6.9%","±0.5","51,886","±3,190","7.0%","±0.4","45,250","±3,450","5.9%","±0.4"
"        65 to 74 years","1,160,000","±2,834","11.6%","±0.1","125,433","±900","16.0%","±0.1","97,817","±1,945","12.4%","±0.3","75,715","±2,429","9.8%","±0.3","81,888","±2,032","10.5%","±0.3","96,762","±1,509","12.5%","±0.2","78,743","±3,174","10.3%","±0.4","87,437","±1,615","11.2%","±0.2","93,250","±1,124","12.2%","±0.1","95,316","±3,352","12.4%","±0.4","83,783","±3,108","10.9%","±0.4","87,699","±3,164","11.4%","±0.4","82,620","±4,437","11.2%","±0.6","73,537","±4,342","9.5%","±0.6"
"        75 to 84 years","576,975","±5,954","5.7%","±0.1","61,121","±1,480","7.8%","±0.2","46,219","±1,942","5.8%","±0.3","37,481","±2,090","4.9%","±0.3","40,830","±1,943","5.3%","±0.2","49,405","±1,652","6.4%","±0.2","42,567","±2,473","5.6%","±0.3","43,369","±1,717","5.5%","±0.2","48,409","±2,228","6.3%","±0.3","43,560","±2,186","5.7%","±0.3","43,750","±2,457","5.7%","±0.3","45,367","±2,466","5.9%","±0.3","42,053","±2,409","5.7%","±0.3","32,844","±2,609","4.2%","±0.3"
"        85 years and over","195,250","±6,011","1.9%","±0.1","20,201","±1,347","2.6%","±0.2","14,335","±1,283","1.8%","±0.2","12,979","±1,676","1.7%","±0.2","14,348","±1,745","1.8%","±0.2","16,186","±1,553","2.1%","±0.2","14,954","±1,805","2.0%","±0.2","13,014","±1,469","1.7%","±0.2","15,360","±2,023","2.0%","±0.3","13,603","±1,625","1.8%","±0.2","17,576","±2,053","2.3%","±0.3","13,928","±1,749","1.8%","±0.2","15,543","±1,793","2.1%","±0.2","13,223","±1,969","1.7%","±0.3"
"        Median age (years)","40.5","±0.2","(X)","(X)","47.4","±0.3","(X)","(X)","41.3","±0.4","(X)","(X)","36.3","±0.4","(X)","(X)","37.9","±0.5","(X)","(X)","42.5","±0.3","(X)","(X)","39.6","±0.6","(X)","(X)","39.0","±0.5","(X)","(X)","41.8","±0.4","(X)","(X)","44.1","±0.6","(X)","(X)","40.7","±0.6","(X)","(X)","41.1","±0.6","(X)","(X)","39.5","±1.1","(X)","(X)","35.4","±0.8","(X)","(X)"
"        Under 18 years","2,110,471","±1,672","21.0%","±0.1","137,349","±902","17.5%","±0.1","168,465","±4,349","21.3%","±0.4","171,720","±4,637","22.2%","±0.4","173,240","±3,977","22.3%","±0.4","165,732","±3,121","21.4%","±0.3","150,265","±5,048","19.7%","±0.6","157,868","±2,502","20.2%","±0.3","163,078","±1,036","21.3%","±0.1","159,484","±6,093","20.7%","±0.7","155,068","±4,237","20.1%","±0.5","149,430","±4,159","19.4%","±0.5","164,384","±9,452","22.2%","±1.1","194,388","±9,861","25.1%","±1.0"
"        16 years and over","8,186,295","±5,916","81.6%","±0.1","666,391","±1,540","84.7%","±0.2","643,420","±5,835","81.3%","±0.4","621,231","±6,697","80.5%","±0.5","626,625","±6,270","80.6%","±0.5","629,983","±4,366","81.2%","±0.3","631,932","±7,582","82.7%","±0.6","644,669","±3,339","82.5%","±0.3","623,073","±2,394","81.3%","±0.3","629,118","±7,224","81.8%","±0.6","634,204","±6,777","82.4%","±0.5","639,565","±6,130","83.2%","±0.5","596,224","±10,213","80.5%","±1.0","599,860","±10,457","77.6%","±1.0"
"        18 years and over","7,926,790","±1,672","79.0%","±0.1","648,980","±1,040","82.5%","±0.1","622,958","±5,199","78.7%","±0.4","600,197","±6,266","77.8%","±0.4","604,037","±5,499","77.7%","±0.4","609,990","±4,095","78.6%","±0.3","613,744","±7,276","80.3%","±0.6","623,893","±2,889","79.8%","±0.3","603,550","±1,212","78.7%","±0.1","609,777","±7,111","79.3%","±0.7","614,877","±6,307","79.9%","±0.5","619,724","±5,869","80.6%","±0.5","576,175","±9,724","77.8%","±1.1","578,888","±9,966","74.9%","±1.0"
"        21 years and over","7,538,746","±7,934","75.1%","±0.1","622,358","±2,618","79.1%","±0.3","590,364","±5,771","74.6%","±0.5","564,245","±6,735","73.1%","±0.5","569,075","±5,934","73.2%","±0.5","581,865","±4,374","75.0%","±0.3","575,012","±7,180","75.3%","±0.7","580,338","±4,174","74.2%","±0.5","576,712","±2,347","75.2%","±0.3","586,363","±7,305","76.2%","±0.7","592,320","±6,615","76.9%","±0.6","599,671","±6,079","78.0%","±0.5","549,848","±8,665","74.2%","±1.1","550,575","±9,894","71.2%","±1.1"
"        62 years and over","2,352,480","±7,702","23.4%","±0.1","248,332","±2,417","31.6%","±0.3","196,536","±3,257","24.8%","±0.5","152,087","±3,582","19.7%","±0.4","167,053","±3,604","21.5%","±0.5","196,881","±2,771","25.4%","±0.4","165,005","±4,924","21.6%","±0.6","172,152","±2,922","22.0%","±0.4","189,596","±2,628","24.7%","±0.3","188,379","±5,082","24.5%","±0.7","177,961","±4,281","23.1%","±0.6","178,298","±5,239","23.2%","±0.7","173,010","±5,671","23.4%","±0.8","147,190","±6,631","19.0%","±0.9"
"        65 years and over","1,932,225","±2,433","19.3%","±0.1","206,755","±855","26.3%","±0.1","158,371","±2,537","20.0%","±0.4","126,175","±2,737","16.3%","±0.4","137,066","±2,636","17.6%","±0.3","162,353","±2,091","20.9%","±0.3","136,264","±4,311","17.8%","±0.5","143,820","±1,927","18.4%","±0.3","157,019","±1,199","20.5%","±0.2","152,479","±4,062","19.8%","±0.5","145,109","±3,560","18.8%","±0.5","146,994","±4,397","19.1%","±0.6","140,216","±5,104","18.9%","±0.8","119,604","±5,368","15.5%","±0.7"
"        18 years and over","7,926,790","±1,672","7,926,790","(X)","648,980","±1,040","648,980","(X)","622,958","±5,199","622,958","(X)","600,197","±6,266","600,197","(X)","604,037","±5,499","604,037","(X)","609,990","±4,095","609,990","(X)","613,744","±7,276","613,744","(X)","623,893","±2,889","623,893","(X)","603,550","±1,212","603,550","(X)","609,777","±7,111","609,777","(X)","614,877","±6,307","614,877","(X)","619,724","±5,869","619,724","(X)","576,175","±9,724","576,175","(X)","578,888","±9,966","578,888","(X)"
"            Male","3,887,282","±2,778","49.0%","±0.1","329,163","±1,210","50.7%","±0.2","318,299","±2,830","51.1%","±0.4","293,364","±3,533","48.9%","±0.3","293,443","±3,095","48.6%","±0.3","307,046","±2,728","50.3%","±0.3","301,540","±4,580","49.1%","±0.5","305,113","±2,251","48.9%","±0.3","289,867","±1,246","48.0%","±0.2","306,334","±4,707","50.2%","±0.4","294,712","±4,139","47.9%","±0.4","305,809","±4,063","49.3%","±0.5","269,894","±6,954","46.8%","±0.8","272,698","±6,719","47.1%","±0.8"
"            Female","4,039,508","±2,792","51.0%","±0.1","319,817","±1,109","49.3%","±0.2","304,659","±3,865","48.9%","±0.4","306,833","±3,974","51.1%","±0.3","310,594","±3,575","51.4%","±0.3","302,944","±2,471","49.7%","±0.3","312,204","±4,740","50.9%","±0.5","318,780","±2,270","51.1%","±0.3","313,683","±1,066","52.0%","±0.2","303,443","±3,882","49.8%","±0.4","320,165","±3,475","52.1%","±0.4","313,915","±4,217","50.7%","±0.5","306,281","±6,705","53.2%","±0.8","306,190","±7,024","52.9%","±0.8"
"            Sex ratio (males per 100 females)","96.2","±0.1","(X)","(X)","102.9","±0.7","(X)","(X)","104.5","±1.5","(X)","(X)","95.6","±1.3","(X)","(X)","94.5","±1.2","(X)","(X)","101.4","±1.1","(X)","(X)","96.6","±1.8","(X)","(X)","95.7","±1.1","(X)","(X)","92.4","±0.6","(X)","(X)","101.0","±1.6","(X)","(X)","92.1","±1.3","(X)","(X)","97.4","±1.8","(X)","(X)","88.1","±3.0","(X)","(X)","89.1","±2.9","(X)","(X)"
"        65 years and over","1,932,225","±2,433","1,932,225","(X)","206,755","±855","206,755","(X)","158,371","±2,537","158,371","(X)","126,175","±2,737","126,175","(X)","137,066","±2,636","137,066","(X)","162,353","±2,091","162,353","(X)","136,264","±4,311","136,264","(X)","143,820","±1,927","143,820","(X)","157,019","±1,199","157,019","(X)","152,479","±4,062","152,479","(X)","145,109","±3,560","145,109","(X)","146,994","±4,397","146,994","(X)","140,216","±5,104","140,216","(X)","119,604","±5,368","119,604","(X)"
"            Male","882,259","±1,679","45.7%","±0.1","100,421","±614","48.6%","±0.2","76,682","±1,623","48.4%","±0.6","56,895","±1,577","45.1%","±0.7","61,100","±1,564","44.6%","±0.7","76,171","±1,228","46.9%","±0.5","62,248","±2,300","45.7%","±1.0","65,085","±1,122","45.3%","±0.5","71,058","±1,150","45.3%","±0.5","73,454","±2,244","48.2%","±0.9","62,960","±2,075","43.4%","±0.7","65,210","±2,485","44.4%","±0.9","58,875","±3,104","42.0%","±1.4","52,100","±3,036","43.6%","±1.3"
"            Female","1,049,966","±1,751","54.3%","±0.1","106,334","±720","51.4%","±0.2","81,689","±1,492","51.6%","±0.6","69,280","±1,631","54.9%","±0.7","75,966","±1,691","55.4%","±0.7","86,182","±1,464","53.1%","±0.5","74,016","±2,762","54.3%","±1.0","78,735","±1,207","54.7%","±0.5","85,961","±615","54.7%","±0.5","79,025","±2,635","51.8%","±0.9","82,149","±2,070","56.6%","±0.7","81,784","±2,696","55.6%","±0.9","81,341","±3,244","58.0%","±1.4","67,504","±3,170","56.4%","±1.3"
"            Sex ratio (males per 100 females)","84.0","±0.2","(X)","(X)","94.4","±0.9","(X)","(X)","93.9","±2.2","(X)","(X)","82.1","±2.2","(X)","(X)","80.4","±2.3","(X)","(X)","88.4","±1.9","(X)","(X)","84.1","±3.3","(X)","(X)","82.7","±1.5","(X)","(X)","82.7","±1.6","(X)","(X)","93.0","±3.3","(X)","(X)","76.6","±2.3","(X)","(X)","79.7","±3.0","(X)","(X)","72.4","±4.1","(X)","(X)","77.2","±4.2","(X)","(X)"
"RACE","","","","","","","","","","","","","","","","","","","","","","","","","","","","","","","","","","","","","","","","","","","","","","","","","","","","","","","",""
"    Total population","10,037,261","*****","10,037,261","(X)","786,329","±1,187","786,329","(X)","791,423","±7,804","791,423","(X)","771,917","±8,876","771,917","(X)","777,277","±7,742","777,277","(X)","775,722","±6,319","775,722","(X)","764,009","±7,188","764,009","(X)","781,761","±3,985","781,761","(X)","766,628","±1,695","766,628","(X)","769,261","±8,839","769,261","(X)","769,945","±6,844","769,945","(X)","769,154","±6,378","769,154","(X)","740,559","±12,695","740,559","(X)","773,276","±13,210","773,276","(X)"
"        One race","9,314,801","±17,671","92.8%","±0.2","742,466","±2,835","94.4%","±0.3","738,049","±8,119","93.3%","±0.5","690,146","±12,198","89.4%","±1.0","714,690","±8,287","91.9%","±0.7","716,626","±7,143","92.4%","±0.6","703,370","±8,916","92.1%","±0.7","725,776","±6,192","92.8%","±0.6","724,076","±4,975","94.4%","±0.6","729,258","±9,294","94.8%","±0.6","717,622","±8,603","93.2%","±0.7","710,607","±7,753","92.4%","±0.8","696,694","±13,112","94.1%","±0.7","705,421","±15,474","91.2%","±1.1"
"        Two or More Races","722,460","±17,671","7.2%","±0.2","43,863","±2,528","5.6%","±0.3","53,374","±3,699","6.7%","±0.5","81,771","±7,455","10.6%","±1.0","62,587","±5,500","8.1%","±0.7","59,096","±5,015","7.6%","±0.6","60,639","±5,421","7.9%","±0.7","55,985","±4,635","7.2%","±0.6","42,552","±4,544","5.6%","±0.6","40,003","±4,641","5.2%","±0.6","52,323","±5,500","6.8%","±0.7","58,547","±6,261","7.6%","±0.8","43,865","±5,594","5.9%","±0.7","67,855","±8,606","8.8%","±1.1"
"        One race","9,314,801","±17,671","92.8%","±0.2","742,466","±2,835","94.4%","±0.3","738,049","±8,119","93.3%","±0.5","690,146","±12,198","89.4%","±1.0","714,690","±8,287","91.9%","±0.7","716,626","±7,143","92.4%","±0.6","703,370","±8,916","92.1%","±0.7","725,776","±6,192","92.8%","±0.6","724,076","±4,975","94.4%","±0.6","729,258","±9,294","94.8%","±0.6","717,622","±8,603","93.2%","±0.7","710,607","±7,753","92.4%","±0.8","696,694","±13,112","94.1%","±0.7","705,421","±15,474","91.2%","±1.1"
"            White","7,405,801","±11,547","73.8%","±0.1","705,951","±2,523","89.8%","±0.3","701,667","±8,399","88.7%","±0.5","554,461","±11,447","71.8%","±1.0","600,393","±7,075","77.2%","±0.7","665,958","±5,872","85.9%","±0.5","536,366","±10,723","70.2%","±1.1","637,908","±5,990","81.6%","±0.6","589,551","±3,155","76.9%","±0.4","684,510","±9,624","89.0%","±0.8","550,889","±8,131","71.5%","±0.8","525,908","±8,008","68.4%","±0.9","355,438","±10,298","48.0%","±1.4","296,801","±9,161","38.4%","±1.1"
"            Black or African American","1,320,610","±12,942","13.2%","±0.1","8,204","±843","1.0%","±0.1","14,053","±2,235","1.8%","±0.3","86,849","±4,180","11.3%","±0.6","58,167","±3,838","7.5%","±0.5","30,817","±2,950","4.0%","±0.4","73,408","±6,663","9.6%","±0.9","43,622","±3,554","5.6%","±0.5","116,049","±3,360","15.1%","±0.4","20,427","±4,883","2.7%","±0.6","104,101","±4,366","13.5%","±0.6","101,641","±6,266","13.2%","±0.8","319,103","±13,911","43.1%","±1.5","344,169","±12,490","44.5%","±1.3"
"            American Indian and Alaska Native","50,606","±5,181","0.5%","±0.1","18,690","±1,486","2.4%","±0.2","5,378","±918","0.7%","±0.1","3,026","±1,280","0.4%","±0.2","4,341","±2,180","0.6%","±0.3","2,176","±1,039","0.3%","±0.1","1,836","±700","0.2%","±0.1","1,918","±673","0.2%","±0.1","2,198","±740","0.3%","±0.1","1,091","±505","0.1%","±0.1","2,585","±1,410","0.3%","±0.2","609","±339","0.1%","±0.1","1,820","±974","0.2%","±0.1","4,938","±2,262","0.6%","±0.3"
"                Aztec","4,379","±2,151","0.0%","±0.1","N","N","N","N","N","N","N","N","N","N","N","N","N","N","N","N","N","N","N","N","N","N","N","N","N","N","N","N","N","N","N","N","N","N","N","N","N","N","N","N","N","N","N","N","N","N","N","N","N","N","N","N"
"                Blackfeet Tribe of the Blackfeet Indian Reservation of Montana","436","±164","0.0%","±0.1","N","N","N","N","N","N","N","N","N","N","N","N","N","N","N","N","N","N","N","N","N","N","N","N","N","N","N","N","N","N","N","N","N","N","N","N","N","N","N","N","N","N","N","N","N","N","N","N","N","N","N","N"
"                Maya","2,242","±1,173","0.0%","±0.1","N","N","N","N","N","N","N","N","N","N","N","N","N","N","N","N","N","N","N","N","N","N","N","N","N","N","N","N","N","N","N","N","N","N","N","N","N","N","N","N","N","N","N","N","N","N","N","N","N","N","N","N"
"                Native Village of Barrow Inupiat Traditional Government","0","±184","0.0%","±0.1","N","N","N","N","N","N","N","N","N","N","N","N","N","N","N","N","N","N","N","N","N","N","N","N","N","N","N","N","N","N","N","N","N","N","N","N","N","N","N","N","N","N","N","N","N","N","N","N","N","N","N","N"
"                Navajo Nation","355","±229","0.0%","±0.1","N","N","N","N","N","N","N","N","N","N","N","N","N","N","N","N","N","N","N","N","N","N","N","N","N","N","N","N","N","N","N","N","N","N","N","N","N","N","N","N","N","N","N","N","N","N","N","N","N","N","N","N"
"                Nome Eskimo Community","0","±184","0.0%","±0.1","N","N","N","N","N","N","N","N","N","N","N","N","N","N","N","N","N","N","N","N","N","N","N","N","N","N","N","N","N","N","N","N","N","N","N","N","N","N","N","N","N","N","N","N","N","N","N","N","N","N","N","N"
"                Other American Indian and Alaska Native","43,194","±4,174","0.4%","±0.1","N","N","N","N","N","N","N","N","N","N","N","N","N","N","N","N","N","N","N","N","N","N","N","N","N","N","N","N","N","N","N","N","N","N","N","N","N","N","N","N","N","N","N","N","N","N","N","N","N","N","N","N"
"            Asian","340,367","±5,714","3.4%","±0.1","3,328","±734","0.4%","±0.1","5,415","±1,290","0.7%","±0.2","22,034","±2,230","2.9%","±0.3","19,242","±1,465","2.5%","±0.2","6,573","±886","0.8%","±0.1","81,880","±4,696","10.7%","±0.6","29,625","±2,867","3.8%","±0.4","7,870","±906","1.0%","±0.1","11,519","±2,108","1.5%","±0.3","51,258","±3,673","6.7%","±0.5","66,574","±4,522","8.7%","±0.6","13,936","±2,637","1.9%","±0.4","21,113","±3,544","2.7%","±0.5"
"                Asian Indian","123,872","±8,916","1.2%","±0.1","944","±480","0.1%","±0.1","627","±351","0.1%","±0.1","3,514","±1,603","0.5%","±0.2","4,064","±1,318","0.5%","±0.2","1,111","±557","0.1%","±0.1","37,690","±4,866","4.9%","±0.6","9,775","±2,386","1.3%","±0.3","1,194","±678","0.2%","±0.1","3,229","±1,322","0.4%","±0.2","19,145","±4,368","2.5%","±0.6","33,542","±4,751","4.4%","±0.6","5,125","±1,858","0.7%","±0.3","3,912","±1,535","0.5%","±0.2"
"                Chinese","49,821","±4,748","0.5%","±0.1","643","±281","0.1%","±0.1","994","±415","0.1%","±0.1","2,922","±932","0.4%","±0.1","1,455","±657","0.2%","±0.1","1,431","±980","0.2%","±0.1","16,107","±2,663","2.1%","±0.4","5,022","±1,687","0.6%","±0.2","1,274","±928","0.2%","±0.1","1,543","±603","0.2%","±0.1","3,427","±1,394","0.4%","±0.2","12,788","±2,640","1.7%","±0.3","1,762","±919","0.2%","±0.1","453","±361","0.1%","±0.1"
"                Filipino","29,365","±4,535","0.3%","±0.1","907","±378","0.1%","±0.1","268","±166","0.0%","±0.1","1,165","±595","0.2%","±0.1","1,141","±708","0.1%","±0.1","1,167","±667","0.2%","±0.1","4,851","±2,138","0.6%","±0.3","1,903","±971","0.2%","±0.1","1,368","±717","0.2%","±0.1","2,645","±1,130","0.3%","±0.1","5,233","±1,853","0.7%","±0.2","4,721","±2,401","0.6%","±0.3","1,633","±832","0.2%","±0.1","2,363","±1,311","0.3%","±0.2"
"                Japanese","11,128","±2,519","0.1%","±0.1","64","±48","0.0%","±0.1","317","±216","0.0%","±0.1","136","±208","0.0%","±0.1","449","±363","0.1%","±0.1","149","±157","0.0%","±0.1","5,867","±1,898","0.8%","±0.2","177","±169","0.0%","±0.1","223","±221","0.0%","±0.1","128","±190","0.0%","±0.1","240","±213","0.0%","±0.1","2,431","±1,088","0.3%","±0.1","561","±325","0.1%","±0.1","386","±358","0.0%","±0.1"
"                Korean","23,363","±3,381","0.2%","±0.1","261","±228","0.0%","±0.1","730","±318","0.1%","±0.1","1,857","±754","0.2%","±0.1","608","±380","0.1%","±0.1","505","±369","0.1%","±0.1","6,478","±2,057","0.8%","±0.3","4,319","±2,278","0.6%","±0.3","821","±479","0.1%","±0.1","893","±599","0.1%","±0.1","1,712","±859","0.2%","±0.1","4,144","±1,361","0.5%","±0.2","620","±503","0.1%","±0.1","415","±392","0.1%","±0.1"
"                Vietnamese","19,522","±3,817","0.2%","±0.1","116","±160","0.0%","±0.1","470","±333","0.1%","±0.1","4,437","±1,700","0.6%","±0.2","1,352","±792","0.2%","±0.1","106","±133","0.0%","±0.1","1,633","±1,171","0.2%","±0.2","4,443","±2,152","0.6%","±0.3","391","±371","0.1%","±0.1","966","±649","0.1%","±0.1","3,352","±1,560","0.4%","±0.2","689","±499","0.1%","±0.1","1,193","±1,031","0.2%","±0.1","374","±450","0.0%","±0.1"
"                Other Asian","83,296","±8,712","0.8%","±0.1","393","±198","0.0%","±0.1","2,009","±1,118","0.3%","±0.1","8,003","±2,703","1.0%","±0.4","10,173","±2,064","1.3%","±0.3","2,104","±637","0.3%","±0.1","9,254","±2,727","1.2%","±0.4","3,986","±1,552","0.5%","±0.2","2,599","±1,074","0.3%","±0.1","2,115","±999","0.3%","±0.1","18,149","±4,612","2.4%","±0.6","8,259","±2,142","1.1%","±0.3","3,042","±2,026","0.4%","±0.3","13,210","±3,458","1.7%","±0.4"
"            Native Hawaiian and Other Pacific Islander","3,064","±1,446","0.0%","±0.1","34","±65","0.0%","±0.1","178","±163","0.0%","±0.1","102","±143","0.0%","±0.1","186","±328","0.0%","±0.1","232","±331","0.0%","±0.1","64","±97","0.0%","±0.1","215","±352","0.0%","±0.1","158","±149","0.0%","±0.1","107","±114","0.0%","±0.1","628","±936","0.1%","±0.1","450","±544","0.1%","±0.1","153","±249","0.0%","±0.1","557","±820","0.1%","±0.1"
"                Chamorro","140","±153","0.0%","±0.1","N","N","N","N","N","N","N","N","N","N","N","N","N","N","N","N","N","N","N","N","N","N","N","N","N","N","N","N","N","N","N","N","N","N","N","N","N","N","N","N","N","N","N","N","N","N","N","N","N","N","N","N"
"                Native Hawaiian","583","±427","0.0%","±0.1","N","N","N","N","N","N","N","N","N","N","N","N","N","N","N","N","N","N","N","N","N","N","N","N","N","N","N","N","N","N","N","N","N","N","N","N","N","N","N","N","N","N","N","N","N","N","N","N","N","N","N","N"
"                Samoan","873","±840","0.0%","±0.1","N","N","N","N","N","N","N","N","N","N","N","N","N","N","N","N","N","N","N","N","N","N","N","N","N","N","N","N","N","N","N","N","N","N","N","N","N","N","N","N","N","N","N","N","N","N","N","N","N","N","N","N"
"                Other Native Hawaiian and Other Pacific Islander","1,468","±1,165","0.0%","±0.1","N","N","N","N","N","N","N","N","N","N","N","N","N","N","N","N","N","N","N","N","N","N","N","N","N","N","N","N","N","N","N","N","N","N","N","N","N","N","N","N","N","N","N","N","N","N","N","N","N","N","N","N"
"            Some Other Race","194,353","±10,594","1.9%","±0.1","6,259","±1,186","0.8%","±0.2","11,358","±2,089","1.4%","±0.3","23,674","±5,303","3.1%","±0.7","32,361","±4,459","4.2%","±0.6","10,870","±2,163","1.4%","±0.3","9,816","±2,764","1.3%","±0.4","12,488","±2,699","1.6%","±0.3","8,250","±2,453","1.1%","±0.3","11,604","±2,309","1.5%","±0.3","8,161","±2,129","1.1%","±0.3","15,425","±3,996","2.0%","±0.5","6,244","±1,975","0.8%","±0.3","37,843","±5,852","4.9%","±0.7"
"        Two or More Races","722,460","±17,671","7.2%","±0.2","43,863","±2,528","5.6%","±0.3","53,374","±3,699","6.7%","±0.5","81,771","±7,455","10.6%","±1.0","62,587","±5,500","8.1%","±0.7","59,096","±5,015","7.6%","±0.6","60,639","±5,421","7.9%","±0.7","55,985","±4,635","7.2%","±0.6","42,552","±4,544","5.6%","±0.6","40,003","±4,641","5.2%","±0.6","52,323","±5,500","6.8%","±0.7","58,547","±6,261","7.6%","±0.8","43,865","±5,594","5.9%","±0.7","67,855","±8,606","8.8%","±1.1"
"            White and Black or African American","143,160","±10,128","1.4%","±0.1","3,328","±746","0.4%","±0.1","10,124","±1,846","1.3%","±0.2","12,384","±2,765","1.6%","±0.4","12,681","±2,535","1.6%","±0.3","12,112","±1,934","1.6%","±0.2","9,439","±2,529","1.2%","±0.3","12,966","±2,966","1.7%","±0.4","11,863","±2,921","1.5%","±0.4","6,968","±1,933","0.9%","±0.3","14,718","±3,099","1.9%","±0.4","10,439","±2,548","1.4%","±0.3","12,477","±3,424","1.7%","±0.5","13,661","±3,626","1.8%","±0.5"
"            White and American Indian and Alaska Native","87,896","±2,494","0.9%","±0.1","19,035","±1,345","2.4%","±0.2","10,853","±1,266","1.4%","±0.2","5,411","±698","0.7%","±0.1","5,922","±757","0.8%","±0.1","7,627","±813","1.0%","±0.1","5,040","±1,024","0.7%","±0.1","6,529","±754","0.8%","±0.1","5,891","±713","0.8%","±0.1","6,222","±1,022","0.8%","±0.1","4,926","±520","0.6%","±0.1","3,827","±752","0.5%","±0.1","3,133","±683","0.4%","±0.1","3,480","±1,004","0.5%","±0.1"
"            White and Asian","67,409","±5,480","0.7%","±0.1","3,117","±719","0.4%","±0.1","3,400","±880","0.4%","±0.1","6,502","±1,691","0.8%","±0.2","3,589","±1,099","0.5%","±0.1","3,245","±874","0.4%","±0.1","11,597","±2,169","1.5%","±0.3","4,565","±1,523","0.6%","±0.2","4,080","±1,053","0.5%","±0.1","4,850","±1,317","0.6%","±0.2","6,128","±1,464","0.8%","±0.2","7,963","±2,102","1.0%","±0.3","5,411","±1,760","0.7%","±0.2","2,962","±2,053","0.4%","±0.3"
"            White and Some Other Race","324,464","±13,782","3.2%","±0.1","16,221","±2,059","2.1%","±0.3","24,707","±3,235","3.1%","±0.4","44,048","±6,161","5.7%","±0.8","32,381","±4,417","4.2%","±0.6","29,307","±3,946","3.8%","±0.5","27,172","±3,548","3.6%","±0.5","26,742","±3,486","3.4%","±0.4","15,704","±2,566","2.0%","±0.3","18,443","±3,870","2.4%","±0.5","18,011","±3,334","2.3%","±0.4","28,050","±4,052","3.6%","±0.5","13,138","±3,357","1.8%","±0.4","30,540","±5,329","3.9%","±0.7"
"            Black or African American and American Indian and Alaska Native","16,761","±3,829","0.2%","±0.1","89","±89","0.0%","±0.1","348","±202","0.0%","±0.1","251","±245","0.0%","±0.1","895","±643","0.1%","±0.1","808","±635","0.1%","±0.1","1,308","±824","0.2%","±0.1","260","±247","0.0%","±0.1","1,615","±854","0.2%","±0.1","135","±190","0.0%","±0.1","1,028","±988","0.1%","±0.1","1,479","±882","0.2%","±0.1","2,236","±1,077","0.3%","±0.1","6,309","±3,057","0.8%","±0.4"
"            Black or African American and Some Other Race","13,997","±3,530","0.1%","±0.1","212","±216","0.0%","±0.1","691","±404","0.1%","±0.1","1,068","±953","0.1%","±0.1","841","±598","0.1%","±0.1","521","±439","0.1%","±0.1","974","±831","0.1%","±0.1","1,543","±816","0.2%","±0.1","665","±504","0.1%","±0.1","369","±410","0.0%","±0.1","531","±445","0.1%","±0.1","648","±561","0.1%","±0.1","2,733","±2,405","0.4%","±0.3","3,201","±1,865","0.4%","±0.2"
"Race alone or in combination with one or more other races","","","","","","","","","","","","","","","","","","","","","","","","","","","","","","","","","","","","","","","","","","","","","","","","","","","","","","","",""
"    Total population","10,037,261","*****","10,037,261","(X)","786,329","±1,187","786,329","(X)","791,423","±7,804","791,423","(X)","771,917","±8,876","771,917","(X)","777,277","±7,742","777,277","(X)","775,722","±6,319","775,722","(X)","764,009","±7,188","764,009","(X)","781,761","±3,985","781,761","(X)","766,628","±1,695","766,628","(X)","769,261","±8,839","769,261","(X)","769,945","±6,844","769,945","(X)","769,154","±6,378","769,154","(X)","740,559","±12,695","740,559","(X)","773,276","±13,210","773,276","(X)"
"        White","8,077,275","±15,496","80.5%","±0.2","749,227","±2,226","95.3%","±0.2","753,846","±8,549","95.3%","±0.4","632,641","±10,579","82.0%","±0.8","659,414","±8,240","84.8%","±0.7","722,934","±6,443","93.2%","±0.5","593,844","±11,308","77.7%","±1.2","691,520","±6,231","88.5%","±0.6","628,533","±3,794","82.0%","±0.5","723,463","±9,884","94.0%","±0.8","599,137","±8,310","77.8%","±0.8","579,813","±9,748","75.4%","±1.0","392,109","±10,774","52.9%","±1.4","350,794","±11,565","45.4%","±1.4"
"        Black or African American","1,537,268","±7,428","15.3%","±0.1","12,466","±1,032","1.6%","±0.1","27,053","±2,693","3.4%","±0.3","108,900","±4,716","14.1%","±0.6","76,778","±3,424","9.9%","±0.4","47,325","±3,123","6.1%","±0.4","88,383","±6,047","11.6%","±0.8","60,118","±1,712","7.7%","±0.2","131,885","±1,197","17.2%","±0.2","30,230","±5,014","3.9%","±0.7","125,004","±3,904","16.2%","±0.5","118,313","±5,525","15.4%","±0.7","339,345","±13,371","45.8%","±1.5","371,468","±11,029","48.0%","±1.1"
"        American Indian and Alaska Native","190,109","±8,318","1.9%","±0.1","39,075","±1,454","5.0%","±0.2","17,829","±1,267","2.3%","±0.2","14,684","±2,988","1.9%","±0.4","14,679","±2,639","1.9%","±0.3","13,661","±2,096","1.8%","±0.3","11,805","±2,313","1.5%","±0.3","10,862","±1,442","1.4%","±0.2","10,539","±1,097","1.4%","±0.1","8,543","±1,327","1.1%","±0.2","10,387","±1,892","1.3%","±0.2","8,521","±2,026","1.1%","±0.3","9,699","±2,419","1.3%","±0.3","19,825","±4,131","2.6%","±0.5"
"        Asian","430,616","±3,464","4.3%","±0.1","7,154","±751","0.9%","±0.1","9,071","±1,560","1.1%","±0.2","29,470","±1,891","3.8%","±0.3","24,824","±1,461","3.2%","±0.2","11,293","±969","1.5%","±0.1","95,116","±4,681","12.4%","±0.6","35,742","±2,500","4.6%","±0.3","13,327","±1,303","1.7%","±0.2","17,682","±2,925","2.3%","±0.4","61,855","±3,827","8.0%","±0.5","76,644","±4,367","10.0%","±0.6","21,014","±3,423","2.8%","±0.5","27,424","±3,691","3.5%","±0.5"
"        Native Hawaiian and Other Pacific Islander","13,906","±3,703","0.1%","±0.1","249","±157","0.0%","±0.1","1,646","±1,113","0.2%","±0.1","776","±643","0.1%","±0.1","880","±612","0.1%","±0.1","1,106","±898","0.1%","±0.1","714","±366","0.1%","±0.1","569","±491","0.1%","±0.1","660","±431","0.1%","±0.1","295","±243","0.0%","±0.1","1,685","±1,165","0.2%","±0.2","3,015","±2,675","0.4%","±0.3","437","±371","0.1%","±0.1","1,874","±1,465","0.2%","±0.2"
"        Some Other Race","563,014","±12,861","5.6%","±0.1","23,567","±2,402","3.0%","±0.3","38,226","±3,772","4.8%","±0.5","77,689","±6,501","10.1%","±0.9","68,460","±4,626","8.8%","±0.6","43,171","±4,276","5.6%","±0.5","39,847","±4,577","5.2%","±0.6","41,956","±3,914","5.4%","±0.5","25,501","±2,972","3.3%","±0.4","31,608","±4,509","4.1%","±0.6","29,554","±3,880","3.8%","±0.5","44,919","±4,583","5.8%","±0.6","24,106","±4,384","3.3%","±0.6","74,410","±5,952","9.6%","±0.7"
"HISPANIC OR LATINO AND RACE","","","","","","","","","","","","","","","","","","","","","","","","","","","","","","","","","","","","","","","","","","","","","","","","","","","","","","","",""
"    Total population","10,037,261","*****","10,037,261","(X)","786,329","±1,187","786,329","(X)","791,423","±7,804","791,423","(X)","771,917","±8,876","771,917","(X)","777,277","±7,742","777,277","(X)","775,722","±6,319","775,722","(X)","764,009","±7,188","764,009","(X)","781,761","±3,985","781,761","(X)","766,628","±1,695","766,628","(X)","769,261","±8,839","769,261","(X)","769,945","±6,844","769,945","(X)","769,154","±6,378","769,154","(X)","740,559","±12,695","740,559","(X)","773,276","±13,210","773,276","(X)"
"        Hispanic or Latino (of any race)","598,476","±951","6.0%","±0.1","17,820","±775","2.3%","±0.1","38,283","±2,235","4.8%","±0.3","84,192","±2,755","10.9%","±0.4","73,397","±2,130","9.4%","±0.3","43,563","±1,767","5.6%","±0.2","40,862","±3,447","5.3%","±0.4","47,152","±2,078","6.0%","±0.3","43,995","±195","5.7%","±0.1","29,335","±2,756","3.8%","±0.4","28,992","±2,890","3.8%","±0.4","43,482","±2,773","5.7%","±0.4","22,748","±4,943","3.1%","±0.7","84,655","±5,155","10.9%","±0.6"
"            Mexican","414,205","±9,146","4.1%","±0.1","10,702","±1,327","1.4%","±0.2","26,687","±2,182","3.4%","±0.3","57,404","±4,762","7.4%","±0.6","56,060","±3,859","7.2%","±0.5","33,888","±1,991","4.4%","±0.3","20,183","±3,236","2.6%","±0.4","33,965","±3,398","4.3%","±0.4","34,377","±2,401","4.5%","±0.3","20,027","±2,836","2.6%","±0.4","18,645","±3,126","2.4%","±0.4","25,930","±3,041","3.4%","±0.4","14,266","±4,008","1.9%","±0.5","62,071","±6,249","8.0%","±0.8"
"            Puerto Rican","53,924","±6,209","0.5%","±0.1","1,799","±795","0.2%","±0.1","3,076","±1,029","0.4%","±0.1","6,480","±2,241","0.8%","±0.3","4,438","±1,784","0.6%","±0.2","2,652","±1,015","0.3%","±0.1","4,190","±1,440","0.5%","±0.2","3,332","±1,271","0.4%","±0.2","2,241","±1,178","0.3%","±0.2","4,611","±1,570","0.6%","±0.2","2,851","±1,279","0.4%","±0.2","4,220","±1,370","0.5%","±0.2","2,253","±1,199","0.3%","±0.2","11,781","±3,539","1.5%","±0.5"
"            Cuban","19,567","±3,835","0.2%","±0.1","584","±445","0.1%","±0.1","2,363","±1,530","0.3%","±0.2","3,115","±2,120","0.4%","±0.3","3,084","±1,740","0.4%","±0.2","656","±602","0.1%","±0.1","2,143","±1,017","0.3%","±0.1","2,109","±1,323","0.3%","±0.2","1,137","±714","0.1%","±0.1","615","±414","0.1%","±0.1","1,029","±663","0.1%","±0.1","787","±646","0.1%","±0.1","653","±632","0.1%","±0.1","1,292","±1,054","0.2%","±0.1"
"            Other Hispanic or Latino","110,780","±7,615","1.1%","±0.1","4,735","±1,124","0.6%","±0.1","6,157","±1,446","0.8%","±0.2","17,193","±3,838","2.2%","±0.5","9,815","±2,501","1.3%","±0.3","6,367","±1,303","0.8%","±0.2","14,346","±2,032","1.9%","±0.3","7,746","±2,301","1.0%","±0.3","6,240","±1,881","0.8%","±0.2","4,082","±1,210","0.5%","±0.2","6,467","±1,919","0.8%","±0.2","12,545","±2,517","1.6%","±0.3","5,576","±2,729","0.8%","±0.4","9,511","±2,792","1.2%","±0.4"
"        Not Hispanic or Latino","9,438,785","±951","94.0%","±0.1","768,509","±1,391","97.7%","±0.1","753,140","±8,213","95.2%","±0.3","687,725","±9,496","89.1%","±0.4","703,880","±7,632","90.6%","±0.3","732,159","±6,148","94.4%","±0.2","723,147","±7,690","94.7%","±0.4","734,609","±3,394","94.0%","±0.3","722,633","±1,671","94.3%","±0.1","739,926","±9,076","96.2%","±0.4","740,953","±7,319","96.2%","±0.4","725,672","±6,435","94.3%","±0.4","717,811","±12,297","96.9%","±0.7","688,621","±12,674","89.1%","±0.6"
"            White alone","7,261,679","±9,177","72.3%","±0.1","700,961","±2,242","89.1%","±0.2","691,396","±8,323","87.4%","±0.5","539,287","±10,774","69.9%","±0.8","586,752","±6,669","75.5%","±0.6","654,470","±5,350","84.4%","±0.5","526,903","±10,088","69.0%","±1.0","624,028","±5,043","79.8%","±0.5","567,123","±2,298","74.0%","±0.2","677,822","±9,776","88.1%","±0.8","542,506","±8,041","70.5%","±0.8","517,028","±8,066","67.2%","±0.9","349,919","±10,488","47.3%","±1.5","283,484","±9,455","36.7%","±1.1"
"            Black or African American alone","1,308,859","±12,854","13.0%","±0.1","7,938","±787","1.0%","±0.1","13,862","±2,252","1.8%","±0.3","85,163","±3,937","11.0%","±0.5","57,342","±3,828","7.4%","±0.5","30,536","±2,891","3.9%","±0.4","72,040","±6,761","9.4%","±0.9","42,792","±3,436","5.5%","±0.4","114,797","±3,178","15.0%","±0.4","19,162","±4,500","2.5%","±0.6","103,442","±4,365","13.4%","±0.6","100,744","±6,172","13.1%","±0.8","318,186","±13,836","43.0%","±1.5","342,855","±12,642","44.3%","±1.4"
"            American Indian and Alaska Native alone","34,024","±2,431","0.3%","±0.1","17,620","±1,484","2.2%","±0.2","4,031","±749","0.5%","±0.1","1,116","±402","0.1%","±0.1","1,304","±400","0.2%","±0.1","872","±274","0.1%","±0.1","1,165","±499","0.2%","±0.1","1,140","±364","0.1%","±0.1","1,675","±601","0.2%","±0.1","756","±341","0.1%","±0.1","1,100","±540","0.1%","±0.1","314","±168","0.0%","±0.1","1,341","±773","0.2%","±0.1","1,590","±791","0.2%","±0.1"
"            Asian alone","337,521","±5,591","3.4%","±0.1","3,328","±734","0.4%","±0.1","5,386","±1,288","0.7%","±0.2","21,919","±2,187","2.8%","±0.3","19,105","±1,485","2.5%","±0.2","6,200","±896","0.8%","±0.1","81,651","±4,693","10.7%","±0.6","29,507","±2,853","3.8%","±0.4","7,819","±897","1.0%","±0.1","11,494","±2,103","1.5%","±0.3","51,167","±3,677","6.6%","±0.5","65,026","±4,070","8.5%","±0.5","13,806","±2,619","1.9%","±0.4","21,113","±3,544","2.7%","±0.5"
"            Native Hawaiian and Other Pacific Islander alone","2,268","±1,180","0.0%","±0.1","34","±65","0.0%","±0.1","178","±163","0.0%","±0.1","47","±109","0.0%","±0.1","111","±193","0.0%","±0.1","187","±316","0.0%","±0.1","0","±184","0.0%","±0.1","215","±352","0.0%","±0.1","158","±149","0.0%","±0.1","107","±114","0.0%","±0.1","628","±936","0.1%","±0.1","385","±531","0.1%","±0.1","153","±249","0.0%","±0.1","65","±113","0.0%","±0.1"
"            Some Other Race alone","39,453","±5,517","0.4%","±0.1","3,014","±988","0.4%","±0.1","2,664","±1,195","0.3%","±0.2","3,364","±1,459","0.4%","±0.2","2,984","±1,108","0.4%","±0.1","2,460","±1,145","0.3%","±0.1","3,616","±1,490","0.5%","±0.2","3,529","±1,408","0.5%","±0.2","1,866","±1,070","0.2%","±0.1","3,265","±1,488","0.4%","±0.2","1,776","±931","0.2%","±0.1","4,823","±3,464","0.6%","±0.4","2,657","±1,389","0.4%","±0.2","3,435","±1,709","0.4%","±0.2"
"            Two or More Races","454,981","±15,810","4.5%","±0.2","35,614","±2,320","4.5%","±0.3","35,623","±3,014","4.5%","±0.4","36,829","±4,898","4.8%","±0.6","36,282","±3,968","4.7%","±0.5","37,434","±3,918","4.8%","±0.5","37,772","±4,815","4.9%","±0.6","33,398","±3,900","4.3%","±0.5","29,195","±3,455","3.8%","±0.5","27,320","±3,665","3.6%","±0.5","40,334","±4,740","5.2%","±0.6","37,352","±5,272","4.9%","±0.7","31,749","±4,969","4.3%","±0.7","36,079","±6,994","4.7%","±0.9"
"                Two races including Some Other Race","112,995","±8,891","1.1%","±0.1","9,402","±1,596","1.2%","±0.2","10,471","±2,381","1.3%","±0.3","10,184","±4,033","1.3%","±0.5","9,780","±2,290","1.3%","±0.3","10,738","±2,594","1.4%","±0.3","8,441","±2,191","1.1%","±0.3","8,127","±2,190","1.0%","±0.3","4,833","±1,312","0.6%","±0.2","8,469","±2,471","1.1%","±0.3","9,655","±2,758","1.3%","±0.4","9,233","±2,203","1.2%","±0.3","7,450","±2,726","1.0%","±0.4","6,212","±2,840","0.8%","±0.4"
"                Two races excluding Some Other Race, and three or more races","341,986","±13,517","3.4%","±0.1","26,212","±1,608","3.3%","±0.2","25,152","±2,691","3.2%","±0.3","26,645","±3,371","3.5%","±0.4","26,502","±3,184","3.4%","±0.4","26,696","±2,621","3.4%","±0.3","29,331","±4,058","3.8%","±0.5","25,271","±3,345","3.2%","±0.4","24,362","±3,278","3.2%","±0.4","18,851","±2,840","2.5%","±0.4","30,679","±3,775","4.0%","±0.5","28,119","±4,543","3.7%","±0.6","24,299","±4,231","3.3%","±0.6","29,867","±5,927","3.9%","±0.8"
"Total housing units","4,642,957","±1,572","(X)","(X)","499,762","±1,489","(X)","(X)","380,439","±2,956","(X)","(X)","320,661","±3,549","(X)","(X)","343,858","±3,067","(X)","(X)","348,994","±2,195","(X)","(X)","326,628","±4,169","(X)","(X)","336,681","±1,826","(X)","(X)","352,328","±678","(X)","(X)","331,391","±4,177","(X)","(X)","337,375","±3,306","(X)","(X)","354,911","±3,769","(X)","(X)","338,146","±6,012","(X)","(X)","371,783","±5,306","(X)","(X)"
"CITIZEN, VOTING AGE POPULATION","","","","","","","","","","","","","","","","","","","","","","","","","","","","","","","","","","","","","","","","","","","","","","","","","","","","","","","",""
"    Citizen, 18 and over population","7,646,222","±11,872","7,646,222","(X)","644,008","±1,365","644,008","(X)","615,278","±5,358","615,278","(X)","566,783","±7,470","566,783","(X)","581,364","±6,377","581,364","(X)","597,794","±4,670","597,794","(X)","570,365","±7,754","570,365","(X)","605,564","±4,095","605,564","(X)","597,713","±1,813","597,713","(X)","600,474","±7,061","600,474","(X)","587,143","±7,479","587,143","(X)","574,842","±6,949","574,842","(X)","555,219","±9,658","555,219","(X)","549,675","±9,746","549,675","(X)"
"        Male","3,739,274","±7,449","48.9%","±0.1","326,521","±1,379","50.7%","±0.2","314,397","±2,963","51.1%","±0.4","274,641","±4,664","48.5%","±0.4","281,746","±3,641","48.5%","±0.4","301,563","±2,941","50.4%","±0.3","279,129","±5,002","48.9%","±0.5","296,109","±2,692","48.9%","±0.3","286,448","±1,532","47.9%","±0.2","301,525","±4,766","50.2%","±0.4","280,734","±5,079","47.8%","±0.5","282,051","±4,402","49.1%","±0.6","257,578","±6,662","46.4%","±0.8","256,832","±6,453","46.7%","±0.8"
"        Female","3,906,948","±7,207","51.1%","±0.1","317,487","±1,199","49.3%","±0.2","300,881","±3,871","48.9%","±0.4","292,142","±4,054","51.5%","±0.4","299,618","±3,994","51.5%","±0.4","296,231","±2,923","49.6%","±0.3","291,236","±4,772","51.1%","±0.5","309,455","±2,893","51.1%","±0.3","311,265","±1,261","52.1%","±0.2","298,949","±3,954","49.8%","±0.4","306,409","±4,141","52.2%","±0.5","292,791","±5,227","50.9%","±0.6","297,641","±6,802","53.6%","±0.8","292,843","±7,017","53.3%","±0.8"